t,pSv,pSh,pSr,pIv,pIh,pIr,pRv,pRh,pRr
0,0.9999,0.9999,0.9999,0.0001,0.0001,1.00E-04,0,0,0
1,0.99988,0.99988,0.99988,0.000109295,0.000108904,0.000108512,2.54E-07,1.22E-05,0.000582842
2,0.999855,0.999855,0.999855,0.000119302,0.000118528,0.000117751,5.31E-07,2.54E-05,0.001213706
3,0.99983,0.99983,0.999835,0.000130092,0.00012894,0.000127782,8.32E-07,3.97E-05,0.00189671
4,0.999805,0.999805,0.999805,0.000141738,0.000140209,0.000138669,1.16E-06,5.53E-05,0.002636328
5,0.999775,0.999775,0.99978,0.00015432,0.000152411,0.000150487,1.52E-06,0.000072173,0.003437376
6,0.99974,0.999745,0.999745,0.000167923,0.000165629,0.000163314,1.90E-06,9.05E-05,0.00430512
7,0.999705,0.99971,0.999715,0.00018264,0.000179952,0.000177235,2.32E-06,0.000110374,0.005245248
8,0.99967,0.999675,0.999675,0.000198571,0.000195476,0.000192345,2.78E-06,0.000131935,0.006263976
9,0.999625,0.99963,0.99964,0.000215822,0.000212305,0.000208743,3.27E-06,0.000155321,0.007367976
10,0.999585,0.99959,0.999595,0.00023451,0.000230551,0.000226539,3.81E-06,0.000180685,0.008564544
11,0.999535,0.99954,0.99955,0.000254761,0.000250338,0.000245852,4.39E-06,0.000208195,0.009861552
12,0.99948,0.99949,0.9995,0.000276709,0.000271797,0.00026681,5.03E-06,0.000238032,0.011267592
13,0.999425,0.999435,0.999445,0.000300503,0.000295071,0.000289553,5.71E-06,0.000270392,0.012791928
14,0.999365,0.999375,0.999385,0.0003263,0.000320315,0.000314233,6.46E-06,0.000305489,0.014444664
15,0.999295,0.99931,0.99932,0.000354274,0.000347699,0.000341013,7.27E-06,0.000343554,0.016236744
16,0.999225,0.99924,0.99925,0.00038461,0.000377403,0.000370071,8.14E-06,0.00038484,0.018179976
17,0.999145,0.99916,0.999175,0.00041751,0.000409625,0.000401601,9.09E-06,0.00042962,0.020287248
18,0.99906,0.999075,0.999095,0.000453193,0.000444579,0.000435811,1.01E-05,0.000478188,0.022572528
19,0.99897,0.998985,0.999005,0.000491895,0.000482497,0.000472927,1.12E-05,0.00053087,0.02505096
20,0.99887,0.99889,0.99891,0.000533875,0.00052363,0.000513195,1.25E-05,0.000588005,0.02773896
21,0.99876,0.99878,0.998805,0.000579405,0.00056825,0.000556885,1.38E-05,0.000649985,0.03065424
22,0.99864,0.998665,0.99869,0.00062879,0.000616645,0.00060428,1.52E-05,0.000717205,0.033816
23,0.998515,0.99854,0.99857,0.00068235,0.000669145,0.00065569,1.68E-05,0.00079012,0.03724536
24,0.998375,0.998405,0.998435,0.000740445,0.00072609,0.00071146,1.84E-05,0.00086921,0.04096512
25,0.998225,0.998255,0.99829,0.000803455,0.000787855,0.00077195,2.03E-05,0.000955,0.04499952
26,0.99806,0.998095,0.998135,0.000871785,0.000854835,0.00083756,2.22E-05,0.001048045,0.04937544
27,0.997885,0.997925,0.997965,0.00094589,0.000927485,0.00090872,2.44E-05,0.00114897,0.05412168
28,0.99769,0.997735,0.99778,0.001026245,0.00100626,0.000985885,2.67E-05,0.00125844,0.05926944
29,0.997485,0.99753,0.99758,0.00111338,0.001091685,0.001069565,2.92E-05,0.00137717,0.06485304
30,0.99726,0.99731,0.99736,0.001207855,0.00118431,0.0011603,3.20E-05,0.001505945,0.07090872
31,0.997015,0.99707,0.997125,0.001310285,0.001284735,0.001258675,3.49E-05,0.00164561,0.07747632
32,0.99675,0.99681,0.99687,0.00142132,0.0013936,0.00136533,3.81E-05,0.00179708,0.08459928
33,0.99646,0.996525,0.996595,0.00154168,0.00151161,0.001480935,4.16E-05,0.00196135,0.09232392
34,0.99615,0.99622,0.996295,0.001672135,0.001639515,0.001606245,4.54E-05,0.00213949,0.10070088
35,0.99581,0.99589,0.99597,0.001813505,0.00177813,0.001742045,4.95E-05,0.002332665,0.10978488
36,0.99544,0.99553,0.99562,0.001966695,0.00192833,0.0018892,5.40E-05,0.00254213,0.11963472
37,0.995045,0.99514,0.995235,0.00213266,0.002091065,0.00204864,5.88E-05,0.002769245,0.13031496
38,0.994615,0.994715,0.994825,0.002312445,0.00226735,0.002221355,6.40E-05,0.00301548,0.14189424
39,0.994145,0.99426,0.994375,0.002507165,0.002458285,0.002408425,6.97E-05,0.00328243,0.15444792
40,0.99364,0.993765,0.99389,0.002718025,0.00266505,0.00261101,7.59E-05,0.003571815,0.16805616
41,0.993095,0.993225,0.99336,0.00294632,0.00288891,0.00283035,8.25E-05,0.00388548,0.1828068
42,0.9925,0.992645,0.99279,0.00319343,0.00313123,0.00306778,8.97E-05,0.00422544,0.19879368
43,0.991855,0.992015,0.992175,0.003460855,0.003393475,0.003324735,9.76E-05,0.00459385,0.21611904
44,0.99116,0.99133,0.991505,0.003750185,0.003677205,0.003602755,0.000106054,0.00499305,0.23489256
45,0.990405,0.99059,0.99078,0.004063135,0.003984105,0.00390348,0.000115244,0.00542555,0.2552328
46,0.98959,0.98979,0.989995,0.00440153,0.004315965,0.004228675,0.000125199,0.0058941,0.2772672
47,0.988705,0.988925,0.989145,0.004767325,0.004674705,0.004580215,0.00013598,0.00640155,0.3011328
48,0.98775,0.987985,0.98823,0.0051626,0.00506235,0.00496011,0.000147656,0.0069511,0.326976
49,0.986715,0.986975,0.987235,0.00558955,0.00548115,0.0053705,0.000160297,0.0075461,0.35496
50,0.9856,0.985875,0.98616,0.0060506,0.0059333,0.00581365,0.000173981,0.0081902,0.3852528
51,0.98439,0.98469,0.985,0.0065482,0.00642135,0.00629195,0.000188792,0.0088873,0.4180392
52,0.983085,0.98341,0.983745,0.00708495,0.00694785,0.006808,0.000204816,0.0096416,0.453516
53,0.981675,0.982025,0.98239,0.00766375,0.0075156,0.00736445,0.00022215,0.0104575,0.491892
54,0.98015,0.980535,0.980925,0.00828745,0.0081274,0.0079641,0.000240896,0.01133995,0.5333976
55,0.978505,0.97892,0.979345,0.00895915,0.00878635,0.00861005,0.000261163,0.01229395,0.5782704
56,0.97673,0.97718,0.977635,0.0096821,0.0094956,0.0093053,0.000283066,0.01332505,0.6267696
57,0.974815,0.9753,0.975795,0.01045965,0.01025845,0.01005315,0.000306729,0.01443905,0.6791712
58,0.972755,0.97328,0.973815,0.0112953,0.0110784,0.010857,0.000332286,0.0156422,0.735768
59,0.970535,0.9711,0.97168,0.0121927,0.0119589,0.01172035,0.000359876,0.0169411,0.796872
60,0.96814,0.968755,0.96938,0.0131555,0.0129037,0.01264675,0.000389648,0.0183428,0.862812
61,0.96557,0.96623,0.966905,0.01418755,0.0139165,0.0136399,0.000421759,0.01985465,0.9339384
62,0.9628,0.963515,0.96424,0.0152926,0.0150011,0.01470355,0.000456376,0.02148455,1.0106184
63,0.95983,0.9606,0.961385,0.01647465,0.0161613,0.0158414,0.000493673,0.02324075,1.093248
64,0.95664,0.957465,0.958315,0.01773745,0.0174009,0.0170573,0.000533835,0.02513195,1.1822304
65,0.953215,0.95411,0.95502,0.01908485,0.01872365,0.01835495,0.000577056,0.0271672,1.2779976
66,0.94955,0.95051,0.95149,0.0205205,0.02013325,0.01973785,0.000623535,0.0293561,1.3809984
67,0.945625,0.94666,0.947715,0.02204795,0.02163315,0.0212096,0.000673484,0.0317085,1.4917008
68,0.94143,0.94254,0.943675,0.02367055,0.02322665,0.0227734,0.00072712,0.03423465,1.6105872
69,0.936945,0.93814,0.939355,0.02539115,0.0249167,0.02443215,0.000784666,0.0369452,1.7381616
70,0.932165,0.933445,0.93475,0.02721245,0.0267059,0.0261885,0.000846353,0.039851,1.8749352
71,0.927065,0.92844,0.92984,0.02913655,0.02859635,0.0280446,0.000912418,0.04296325,2.0214384
72,0.92418,0.92536,0.92681,0.0287436,0.02844455,0.027907,0.000980748,0.0461935,2.1735288
73,0.921835,0.92277,0.924255,0.02791865,0.02787935,0.0273646,0.001046833,0.04934885,2.3221608
74,0.91955,0.92025,0.92177,0.02713215,0.02731835,0.02682525,0.001110792,0.05243,2.467368
75,0.91733,0.9178,0.919355,0.02638065,0.02676195,0.02628935,0.001172698,0.0554375,2.60916
76,0.91517,0.915415,0.917,0.025661,0.02621055,0.0257574,0.001232656,0.058372,2.747568
77,0.913075,0.9131,0.914715,0.02497055,0.02566445,0.0252297,0.00129074,0.061235,2.882664
78,0.911035,0.91085,0.912495,0.02430685,0.02512405,0.02470675,0.001347021,0.0640265,3.014424
79,0.909055,0.90866,0.910335,0.0236678,0.0245896,0.0241888,0.001401563,0.066748,3.14292
80,0.907135,0.90654,0.908235,0.0230515,0.0240614,0.02367625,0.001454438,0.0694,3.2682
81,0.90527,0.904475,0.9062,0.02245625,0.02353965,0.0231693,0.001505688,0.0719835,3.390264
82,0.90346,0.902475,0.904225,0.0218805,0.02302455,0.0226683,0.001555385,0.0744995,3.509184
83,0.901705,0.900535,0.902305,0.02132305,0.02251635,0.02217345,0.001603573,0.076949,3.624984
84,0.900005,0.89865,0.900445,0.0207826,0.0220152,0.02168495,0.001650292,0.079333,3.737736
85,0.898355,0.896825,0.89864,0.02025815,0.02152125,0.02120305,0.001695594,0.081653,3.84744
86,0.896755,0.895055,0.896895,0.0197488,0.02103465,0.0207279,0.00173951,0.083909,3.954192
87,0.895205,0.89334,0.8952,0.01925365,0.0205555,0.02025965,0.001782094,0.0861025,4.057992
88,0.893705,0.89168,0.893555,0.018772,0.0200839,0.01979845,0.001823375,0.0882345,4.158912
89,0.892255,0.890075,0.89197,0.01830315,0.01961995,0.01934435,0.001863385,0.0903065,4.257024
90,0.89085,0.888515,0.89043,0.01784655,0.0191637,0.01889755,0.001902167,0.092319,4.352304
91,0.88949,0.88701,0.88894,0.0174016,0.0187152,0.0184581,0.00193975,0.0942735,4.444872
92,0.888175,0.885555,0.8875,0.01696785,0.01827455,0.018026,0.001976156,0.096171,4.534752
93,0.886905,0.884145,0.886105,0.01654485,0.01784175,0.0176014,0.002011427,0.098012,4.621992
94,0.88568,0.882785,0.88476,0.01613225,0.01741675,0.0171843,0.002045583,0.099798,4.706616
95,0.884495,0.88147,0.88346,0.01572965,0.01699965,0.0167747,0.002078667,0.10153,4.78872
96,0.88335,0.8802,0.882205,0.0153367,0.0165904,0.01637265,0.002110688,0.1032095,4.868304
97,0.882245,0.878975,0.88099,0.0149531,0.016189,0.01597815,0.002141677,0.104837,4.945464
98,0.88118,0.87779,0.87982,0.01457865,0.0157954,0.01559115,0.002171667,0.1064135,5.020224
99,0.880155,0.87665,0.87869,0.014213,0.0154096,0.0152117,0.002200667,0.1079405,5.092632
100,0.879165,0.87555,0.877605,0.01385595,0.01503155,0.01483975,0.002228719,0.109419,5.162736
101,0.878215,0.87449,0.876555,0.0135073,0.01466115,0.01447525,0.002255833,0.1108495,5.230608
102,0.877295,0.87347,0.875545,0.0131668,0.0142984,0.0141182,0.002282042,0.1122335,5.296248
103,0.876415,0.872485,0.87457,0.0128343,0.01394325,0.01376845,0.002307354,0.113572,5.359752
104,0.875565,0.87154,0.873635,0.01250955,0.0135956,0.01342605,0.002331802,0.1148655,5.421144
105,0.87475,0.87063,0.872735,0.01219245,0.0132554,0.0130909,0.002355406,0.1161155,5.480472
106,0.873965,0.869755,0.871865,0.01188275,0.01292255,0.0127629,0.002378188,0.117323,5.537784
107,0.87321,0.868915,0.871035,0.01158035,0.012597,0.01244205,0.002400156,0.118489,5.593104
108,0.87249,0.868105,0.870235,0.01128505,0.0122786,0.0121282,0.002421344,0.119614,5.646528
109,0.8718,0.867335,0.86947,0.01099675,0.0119673,0.01182125,0.002441771,0.1206995,5.698056
110,0.871135,0.86659,0.868735,0.01071525,0.01166305,0.0115212,0.002461448,0.121746,5.747736
111,0.8705,0.86588,0.86803,0.01044045,0.01136565,0.0112279,0.002480385,0.122755,5.79564
112,0.869895,0.8652,0.867355,0.0101722,0.0110751,0.0109413,0.002498625,0.1237265,5.841768
113,0.869315,0.864545,0.86671,0.00991035,0.01079125,0.01066125,0.002516156,0.124662,5.886216
114,0.86876,0.86392,0.866085,0.0096525,0.0105196,0.01039585,0.002533021,0.1255625,5.928984
115,0.86824,0.863305,0.86547,0.0093975,0.01026535,0.01015235,0.002549219,0.1264295,5.970216
116,0.867745,0.862705,0.86486,0.00914685,0.01002795,0.00992935,0.00256475,0.127266,6.010032
117,0.867275,0.86212,0.864265,0.00890195,0.00980685,0.0097258,0.002579646,0.1280735,6.048552
118,0.86683,0.861545,0.86367,0.00866375,0.0096015,0.00954065,0.002593906,0.1288535,6.085896
119,0.866405,0.86098,0.863085,0.00843315,0.0094115,0.0093729,0.002607563,0.1296085,6.122112
120,0.866,0.860425,0.8625,0.0082107,0.0092363,0.0092218,0.002620625,0.1303405,6.157368
121,0.865615,0.859875,0.86192,0.00799695,0.00907545,0.00908655,0.002633125,0.1310505,6.191712
122,0.865245,0.85933,0.86134,0.0077922,0.0089286,0.00896645,0.002645094,0.131741,6.225264
123,0.86489,0.85879,0.86076,0.00759675,0.0087954,0.008861,0.002656531,0.132413,6.258096
124,0.86455,0.858255,0.860185,0.00741075,0.00867545,0.0087697,0.002667479,0.1330685,6.290256
125,0.864225,0.85772,0.8596,0.0072343,0.00856845,0.008692,0.002677958,0.133709,6.321888
126,0.86391,0.85719,0.85902,0.00706735,0.00847415,0.0086276,0.00268799,0.134336,6.353016
127,0.863605,0.856655,0.85843,0.00690995,0.0083923,0.0085762,0.002697594,0.1349515,6.383736
128,0.86331,0.85612,0.857835,0.006762,0.00832265,0.00853755,0.002706813,0.135556,6.414144
129,0.863025,0.855585,0.857235,0.0066235,0.0082651,0.00851135,0.002715646,0.1361515,6.444264
130,0.862745,0.85504,0.856625,0.0064942,0.0082195,0.0084976,0.002724146,0.1367395,6.474192
131,0.862475,0.854495,0.856005,0.0063741,0.00818575,0.0084961,0.002732302,0.137321,6.504
132,0.86221,0.85394,0.855375,0.00626295,0.00816375,0.0085069,0.002740167,0.1378975,6.53376
133,0.861945,0.853375,0.85473,0.00616075,0.0081535,0.00852995,0.00274775,0.138471,6.56352
134,0.86169,0.852805,0.854075,0.00606725,0.00815505,0.0085653,0.002755073,0.1390425,6.593376
135,0.861435,0.85222,0.8534,0.0059823,0.0081684,0.00861315,0.002762167,0.139613,6.623376
136,0.86118,0.85162,0.85271,0.00590585,0.0081937,0.0086736,0.002769031,0.140184,6.653592
137,0.86093,0.85101,0.852,0.00583775,0.00823105,0.00874695,0.002775708,0.1407575,6.684096
138,0.860675,0.850385,0.85127,0.00577785,0.00828065,0.00883335,0.002782219,0.1413345,6.714984
139,0.860425,0.84974,0.85052,0.0057261,0.00834275,0.0089332,0.002788563,0.141916,6.74628
140,0.86017,0.84908,0.84974,0.00568235,0.00841755,0.0090469,0.002794781,0.142504,6.778104
141,0.85991,0.848395,0.84894,0.00564655,0.00850545,0.0091749,0.002800885,0.1431,6.810528
142,0.85965,0.84769,0.848105,0.0056187,0.00860675,0.0093176,0.002806896,0.1437055,6.8436
143,0.859385,0.846955,0.847245,0.00559865,0.00872195,0.0094757,0.002812833,0.144322,6.87744
144,0.859115,0.8462,0.84635,0.0055865,0.00885145,0.00964975,0.002818708,0.144951,6.912096
145,0.85884,0.84541,0.845415,0.00558215,0.0089959,0.00984045,0.002824552,0.145594,6.947688
146,0.858555,0.84459,0.844445,0.0055857,0.0091558,0.0100486,0.002830385,0.146253,6.984288
147,0.858265,0.84374,0.843435,0.0055971,0.0093318,0.010275,0.002836208,0.14693,7.022016
148,0.857965,0.84285,0.842375,0.0056165,0.00952475,0.0105206,0.002842063,0.1476265,7.060944
149,0.857655,0.84192,0.84127,0.00564395,0.00973535,0.01078645,0.002847948,0.148345,7.101216
150,0.857335,0.84095,0.840115,0.00567955,0.0099645,0.0110736,0.002853906,0.1490865,7.142928
151,0.857,0.839935,0.838905,0.00572345,0.01021315,0.0113832,0.002859938,0.149854,7.186176
152,0.856655,0.83887,0.837635,0.00577585,0.0104824,0.01171665,0.002866073,0.15065,7.231104
153,0.85629,0.83775,0.836305,0.00583685,0.0107733,0.01207525,0.002872323,0.151476,7.277856
154,0.855915,0.83658,0.834905,0.00590665,0.01108715,0.0124606,0.002878719,0.152335,7.326552
155,0.85552,0.835345,0.83343,0.0059856,0.01142525,0.0128742,0.002885271,0.1532295,7.377336
156,0.85511,0.83405,0.83188,0.0060739,0.011789,0.0133179,0.002892021,0.154163,7.4304
157,0.85468,0.832685,0.83025,0.0061718,0.01217995,0.01379355,0.002898969,0.1551375,7.485888
158,0.854225,0.831245,0.82853,0.0062797,0.0125998,0.01430315,0.002906146,0.1561565,7.543968
159,0.85375,0.829725,0.826715,0.0063979,0.01305025,0.01484885,0.002913583,0.1572235,7.604832
160,0.85325,0.828125,0.8248,0.0065268,0.0135333,0.015433,0.002921302,0.158342,7.668696
161,0.852725,0.826435,0.82278,0.0066668,0.01405085,0.01605795,0.002929323,0.1595155,7.735776
162,0.852175,0.824645,0.820645,0.00681835,0.0146052,0.0167264,0.002937677,0.1607485,7.806288
163,0.85159,0.822755,0.818385,0.0069819,0.01519855,0.0174411,0.002946385,0.1620445,7.880448
164,0.85098,0.820755,0.81599,0.007158,0.01583345,0.01820495,0.00295549,0.163409,7.958568
165,0.850335,0.81864,0.81346,0.0073471,0.01651235,0.01902105,0.002965,0.164846,8.040888
166,0.84965,0.8164,0.81078,0.00754985,0.0172381,0.0198927,0.002974969,0.1663615,8.127696
167,0.848935,0.814025,0.80794,0.0077667,0.0180135,0.0208233,0.002985417,0.1679595,8.219304
168,0.848175,0.81151,0.804935,0.00799835,0.0188416,0.02181635,0.002996385,0.169647,8.316024
169,0.847375,0.808845,0.801745,0.00824545,0.01972555,0.02287565,0.003007906,0.1714295,8.41824
170,0.84653,0.80602,0.798365,0.0085085,0.0206685,0.02400495,0.00302001,0.1733135,8.526288
171,0.84564,0.80302,0.79478,0.0087883,0.0216739,0.0252082,0.00303274,0.175306,8.640576
172,0.8447,0.79984,0.79098,0.0090854,0.02274515,0.0264894,0.003046135,0.1774135,8.761488
173,0.84371,0.79647,0.78695,0.0094005,0.02388575,0.0278526,0.00306024,0.1796445,8.889456
174,0.84266,0.792895,0.78268,0.00973425,0.02509925,0.02930185,0.003075083,0.1820065,9.024936
175,0.84156,0.789105,0.77815,0.01008725,0.02638915,0.0308411,0.003090729,0.184508,9.168408
176,0.840395,0.785085,0.77335,0.0104601,0.02775885,0.0324742,0.003107208,0.1871575,9.320352
177,0.839165,0.780825,0.76827,0.0108534,0.0292117,0.0342049,0.003124583,0.189964,9.481296
178,0.837875,0.77631,0.762885,0.01126755,0.0307509,0.0360366,0.003142875,0.192937,9.651768
179,0.836515,0.771535,0.75719,0.0117031,0.0323793,0.0379722,0.003162156,0.1960865,9.832296
180,0.83508,0.76648,0.751165,0.01216025,0.03409945,0.0400144,0.003182469,0.199423,10.023456
181,0.833575,0.76113,0.744795,0.0126393,0.0359135,0.042165,0.003203865,0.2029555,10.225824
182,0.831995,0.75548,0.738075,0.01314025,0.0378229,0.04442525,0.003226385,0.206696,10.439976
183,0.830335,0.74952,0.730985,0.0136631,0.0398286,0.0467954,0.003250094,0.210654,10.666488
184,0.82859,0.74323,0.72352,0.0142075,0.0419306,0.0492747,0.003275021,0.2148405,10.905936
185,0.82677,0.736605,0.71566,0.01477295,0.04412815,0.051861,0.00330124,0.219266,11.158896
186,0.82486,0.72964,0.70741,0.0153588,0.0464192,0.0545515,0.003328781,0.223941,11.425944
187,0.822865,0.722325,0.69875,0.015964,0.04880065,0.0573405,0.003357688,0.2288755,11.70756
188,0.82079,0.714655,0.68969,0.0165872,0.051268,0.0602215,0.00338801,0.2340795,12.004296
189,0.818625,0.706625,0.68022,0.01722685,0.053815,0.0631865,0.003419792,0.239561,12.31656
190,0.816375,0.698235,0.670345,0.017881,0.0564345,0.0662245,0.003453042,0.2453285,12.64476
191,0.81404,0.689495,0.66007,0.01854725,0.059117,0.069323,0.003487813,0.25139,12.989232
192,0.81162,0.6804,0.6494,0.01922295,0.0618515,0.0724675,0.003524115,0.25775,13.35024
193,0.80912,0.67096,0.63836,0.019905,0.064625,0.0756415,0.003561969,0.2644135,13.727928
194,0.806545,0.661195,0.626955,0.02058995,0.067423,0.078826,0.003601385,0.271384,14.122392
195,0.803895,0.65111,0.615215,0.02127405,0.070229,0.0820005,0.003642344,0.278662,14.53356
196,0.801175,0.640725,0.603165,0.02195305,0.073026,0.0851425,0.003684854,0.286247,14.961288
197,0.79839,0.63007,0.59083,0.0226226,0.0757945,0.088228,0.003728885,0.294135,15.405264
198,0.79553,0.6192,0.578295,0.02329665,0.078478,0.0911845,0.003774417,0.3023205,15.864984
199,0.792585,0.608195,0.56566,0.02398545,0.081018,0.0939375,0.00382149,0.3107885,16.339416
200,0.789555,0.59709,0.55297,0.02467875,0.0833895,0.0964605,0.003870104,0.319519,16.827336
201,0.78646,0.58594,0.540285,0.02536675,0.08557,0.0987305,0.003920271,0.3284915,17.327328
202,0.783305,0.57478,0.52765,0.02604005,0.08754,0.1007275,0.003971948,0.3376815,17.83788
203,0.780105,0.563655,0.51512,0.0266898,0.0892815,0.102435,0.004025094,0.3470625,18.357408
204,0.77687,0.552615,0.50274,0.02730775,0.0907805,0.10384,0.004079635,0.356607,18.884232
205,0.77361,0.54169,0.4905525,0.0278864,0.0920265,0.1049345,0.004135479,0.366285,19.4166
206,0.77034,0.53092,0.478603,0.02841895,0.093011,0.105714,0.004192521,0.376067,19.95276
207,0.76707,0.52035,0.466927,0.02889955,0.0937305,0.1061785,0.004250646,0.385921,20.490936
208,0.76381,0.51,0.455557,0.0293232,0.094184,0.1063315,0.004309698,0.395817,21.029352
209,0.760575,0.4999035,0.444522,0.0296857,0.0943735,0.10618,0.004369552,0.405723,21.566304
210,0.757375,0.4900855,0.433846,0.02998395,0.0943055,0.105735,0.004430042,0.415609,22.100112
211,0.754215,0.4805675,0.423548,0.03021565,0.093987,0.1050105,0.00449101,0.4254455,22.629168
212,0.75111,0.4713665,0.4136445,0.0303795,0.09343,0.104022,0.004552292,0.4352035,23.152008
213,0.748065,0.4624975,0.4041465,0.03047495,0.092646,0.102788,0.004613719,0.444857,23.667168
214,0.74509,0.4539705,0.3950605,0.0305023,0.09165,0.1013275,0.004675125,0.45438,24.17328
215,0.74219,0.4457935,0.386392,0.03046265,0.0904575,0.0996615,0.004736354,0.463749,24.66936
216,0.739375,0.4379715,0.3781405,0.0303576,0.0890855,0.0978115,0.00479724,0.472943,25.1544
217,0.736645,0.4305065,0.3703045,0.0301895,0.087551,0.0957985,0.004857615,0.4819425,25.62696
218,0.734005,0.4233985,0.36288,0.02996115,0.0858715,0.0936445,0.004917354,0.49073,26.0868
219,0.73146,0.416645,0.3558605,0.02967575,0.084065,0.0913705,0.004976302,0.49929,26.53296
220,0.729015,0.410242,0.349237,0.02933685,0.0821485,0.088996,0.005034333,0.50761,26.96472
221,0.72667,0.4041835,0.343,0.02894825,0.0801395,0.0865415,0.005091323,0.515675,27.38208
222,0.724425,0.3984625,0.337139,0.02851405,0.078053,0.0840245,0.005147146,0.523485,27.78408
223,0.72228,0.3930715,0.3316425,0.0280383,0.075906,0.0814625,0.005201719,0.531025,28.17096
224,0.720235,0.3880005,0.326497,0.0275252,0.073712,0.0788715,0.005254948,0.53829,28.54224
225,0.7183,0.38324,0.32169,0.02697895,0.0714845,0.076266,0.005306729,0.545275,28.89816
226,0.71646,0.37878,0.317209,0.0264037,0.069237,0.073659,0.005357021,0.551985,29.23824
227,0.71472,0.37461,0.3130395,0.0258035,0.0669805,0.071063,0.00540574,0.55841,29.5632
228,0.71308,0.3707195,0.309169,0.0251823,0.064725,0.068488,0.005452844,0.564555,29.87256
229,0.71154,0.3670965,0.305584,0.0245438,0.062481,0.0659435,0.005498292,0.57042,30.1668
230,0.71009,0.363731,0.302271,0.0238916,0.060256,0.0634375,0.005542042,0.576015,30.44592
231,0.708735,0.360612,0.299218,0.0232291,0.058058,0.0609775,0.005584083,0.58133,30.71064
232,0.70747,0.3577285,0.296412,0.0225595,0.055893,0.058569,0.005624385,0.58638,30.96096
233,0.706295,0.3550695,0.293841,0.02188575,0.053767,0.056217,0.005662948,0.591165,31.19712
234,0.7052,0.352626,0.291494,0.02121055,0.0516845,0.053926,0.005699771,0.59569,31.41984
235,0.70419,0.350387,0.2893585,0.0205364,0.04964955,0.0516985,0.005734844,0.599965,31.62936
236,0.70326,0.3483425,0.2874245,0.0198656,0.0476656,0.0495372,0.005768198,0.60399,31.82592
237,0.70241,0.346484,0.2856815,0.0192002,0.0457352,0.04744425,0.005799833,0.60778,32.01
238,0.70163,0.344802,0.28412,0.01854205,0.04386045,0.04542055,0.005829781,0.61134,32.18208
239,0.70092,0.3432875,0.2827295,0.0178928,0.0420428,0.0434669,0.005858052,0.61467,32.34264
240,0.70028,0.3419325,0.2815015,0.0172539,0.04028335,0.0415834,0.005884688,0.617785,32.49192
241,0.699705,0.340729,0.280428,0.0166266,0.03858275,0.03976985,0.005909708,0.62069,32.6304
242,0.699195,0.3396685,0.2795,0.016012,0.03694115,0.03802575,0.005933156,0.62339,32.7588
243,0.698745,0.338745,0.2787095,0.01541095,0.03535855,0.03635025,0.005955063,0.625895,32.87712
244,0.698355,0.3379505,0.27805,0.0148243,0.03383455,0.03474215,0.005975469,0.628215,32.98608
245,0.698015,0.3372785,0.2775145,0.01425265,0.0323685,0.03320015,0.005994417,0.630355,33.08568
246,0.69773,0.3367225,0.2770955,0.0136965,0.0309596,0.0317228,0.006011938,0.63232,33.17664
247,0.697495,0.336277,0.276787,0.0131562,0.02960685,0.03030845,0.006028083,0.634115,33.25944
248,0.69731,0.335936,0.2765835,0.01263205,0.02830905,0.02895525,0.006042885,0.635755,33.33408
249,0.69717,0.3356935,0.2764795,0.01212425,0.02706495,0.02766145,0.006056406,0.63724,33.40128
250,0.69707,0.335545,0.2764685,0.0116328,0.0258731,0.0264251,0.006068667,0.63858,33.46104
251,0.697015,0.335485,0.276547,0.01115775,0.02473205,0.02524425,0.006079729,0.639785,33.51408
252,0.697,0.335509,0.276709,0.01069905,0.02364035,0.02411695,0.006089615,0.64085,33.5604
253,0.69702,0.335613,0.2769505,0.01025655,0.0225963,0.0230412,0.006098396,0.64179,33.60048
254,0.69708,0.335792,0.277267,0.0098301,0.0215984,0.02201505,0.006106083,0.64261,33.63456
255,0.69717,0.336043,0.2776545,0.0094194,0.02064505,0.02103655,0.00611274,0.64331,33.66288
256,0.69729,0.336361,0.2781095,0.0090243,0.01973455,0.02010365,0.006118406,0.643905,33.68568
257,0.697445,0.3367435,0.2786285,0.00864435,0.01886535,0.0192146,0.006123104,0.64439,33.70344
258,0.69763,0.3371865,0.2792075,0.00827935,0.0180358,0.01836745,0.006126896,0.64478,33.7164
259,0.69784,0.3376865,0.279843,0.0079289,0.01724435,0.0175604,0.006129802,0.64507,33.72456
260,0.69808,0.338241,0.280533,0.0075926,0.0164895,0.01679165,0.006131875,0.64527,33.7284
261,0.69834,0.338847,0.281274,0.00727005,0.01576965,0.0160595,0.006133135,0.645385,33.72792
262,0.698625,0.339502,0.282063,0.0069609,0.01508335,0.0153623,0.006133625,0.645415,33.7236
263,0.698935,0.3402025,0.282898,0.0066647,0.01442915,0.01469845,0.006133375,0.64537,33.71544
264,0.69926,0.340947,0.283776,0.00638105,0.0138056,0.01406635,0.006132427,0.645245,33.70344
265,0.69961,0.341733,0.2846955,0.00610955,0.01321145,0.01346455,0.006130813,0.645055,33.68832
266,0.69998,0.3425575,0.285653,0.00584975,0.01264525,0.0128916,0.006128552,0.644795,33.66984
267,0.700365,0.3434195,0.2866475,0.00560125,0.01210585,0.01234615,0.006125688,0.644475,33.64824
268,0.70077,0.344316,0.2876765,0.0053636,0.0115919,0.0118268,0.006122229,0.64409,33.62376
269,0.70119,0.3452455,0.2887385,0.00513645,0.0111023,0.01133235,0.006118229,0.64365,33.59664
270,0.701625,0.346207,0.2898315,0.00491935,0.0106359,0.01086155,0.006113688,0.643155,33.56664
271,0.702075,0.3471975,0.2909535,0.004711935,0.01019155,0.0104133,0.006108656,0.64261,33.53448
272,0.702535,0.348216,0.2921035,0.004513805,0.0097683,0.0099864,0.006103135,0.642015,33.49968
273,0.70301,0.3492615,0.2932795,0.00432458,0.00936505,0.0095799,0.006097167,0.641375,33.46272
274,0.7035,0.3503315,0.2944805,0.0041439,0.0089809,0.0091927,0.00609076,0.64069,33.4236
275,0.704,0.3514255,0.295705,0.0039714,0.0086149,0.00882395,0.006083948,0.63996,33.38256
276,0.70451,0.3525415,0.2969515,0.003806735,0.0082662,0.0084726,0.00607674,0.63919,33.3396
277,0.70503,0.353679,0.2982185,0.003649565,0.00793395,0.0081379,0.006069167,0.638385,33.29496
278,0.70556,0.354836,0.299506,0.003499565,0.00761735,0.00781895,0.00606124,0.637545,33.2484
279,0.7061,0.356012,0.3008115,0.00335642,0.0073156,0.00751505,0.006052969,0.63667,33.2004
280,0.70665,0.357206,0.302135,0.003219825,0.00702805,0.0072253,0.006044396,0.635765,33.15072
281,0.707205,0.358417,0.303475,0.003089485,0.0067539,0.00694915,0.00603551,0.63483,33.0996
282,0.70777,0.3596435,0.3048305,0.002965125,0.0064926,0.00668585,0.006026354,0.633865,33.04728
283,0.70834,0.360885,0.306201,0.002846465,0.00624345,0.00643475,0.006016917,0.63287,32.99352
284,0.70892,0.3621405,0.3075855,0.00273325,0.00600585,0.0061953,0.006007229,0.631855,32.93856
285,0.709505,0.363409,0.308983,0.002625225,0.00577925,0.00596685,0.005997292,0.63081,32.8824
286,0.710095,0.3646905,0.3103925,0.002522155,0.00556315,0.0057489,0.005987135,0.629745,32.82528
287,0.71069,0.365983,0.311814,0.00242381,0.005357,0.0055409,0.00597675,0.62866,32.76696
288,0.711295,0.367287,0.313246,0.002329965,0.00516025,0.00534235,0.005966167,0.62755,32.70768
289,0.7119,0.3686015,0.3146885,0.002240415,0.00497255,0.00515285,0.005955396,0.626425,32.64768
290,0.71251,0.3699255,0.3161405,0.00215495,0.00479338,0.00497189,0.005944438,0.62528,32.58672
291,0.71313,0.371259,0.3176015,0.002073385,0.004622345,0.004799075,0.005933302,0.62412,32.5248
292,0.71375,0.372601,0.319071,0.001995535,0.004459045,0.004634005,0.00592201,0.62294,32.46216
293,0.71437,0.3739505,0.320548,0.001921225,0.004303105,0.00447629,0.005910563,0.621745,32.3988
294,0.715,0.375308,0.322033,0.001850285,0.004154165,0.004325585,0.005898969,0.62054,32.33472
295,0.71563,0.3766725,0.3235245,0.00178255,0.00401188,0.00418154,0.00588724,0.619315,32.27016
296,0.716265,0.378043,0.325022,0.00171788,0.00387593,0.004043835,0.005875375,0.61808,32.20488
297,0.7169,0.37942,0.326526,0.00165612,0.00374601,0.003912165,0.005863396,0.616835,32.13888
298,0.71754,0.3808025,0.3280355,0.001597135,0.00362183,0.00378624,0.005851302,0.615575,32.07264
299,0.71818,0.3821905,0.32955,0.00154079,0.003503105,0.00366578,0.005839104,0.614305,32.00568
300,0.718825,0.383583,0.331069,0.001486965,0.003389585,0.00355053,0.005826802,0.613025,31.93824
301,0.719475,0.3849805,0.3325925,0.001435535,0.003281015,0.00344024,0.005814406,0.61174,31.87032
302,0.72012,0.3863815,0.33412,0.00138639,0.003177155,0.003334675,0.005801927,0.61044,31.80216
303,0.72077,0.387787,0.335651,0.00133942,0.00307779,0.00323361,0.005789354,0.609135,31.73352
304,0.721425,0.3891955,0.3371855,0.001294525,0.0029827,0.003136835,0.005776719,0.60782,31.66464
305,0.722075,0.390607,0.338723,0.0012516,0.002891685,0.00304415,0.005764,0.6065,31.59528
306,0.72273,0.392022,0.340263,0.001210555,0.002804555,0.002955365,0.005751219,0.605175,31.52544
307,0.723385,0.393439,0.3418055,0.001171305,0.00272113,0.0028703,0.005738375,0.60384,31.4556
308,0.724045,0.3948585,0.3433505,0.00113376,0.00264123,0.002788785,0.005725469,0.6025,31.38528
309,0.7247,0.3962805,0.344897,0.001097845,0.0025647,0.00271065,0.00571251,0.601155,31.31472
310,0.72536,0.397704,0.3464455,0.001063475,0.00249138,0.002635745,0.00569951,0.599805,31.24416
311,0.72602,0.399129,0.347995,0.00103059,0.00242112,0.002563925,0.005686458,0.59845,31.17312
312,0.72668,0.4005555,0.349546,0.000999115,0.002353785,0.00249505,0.005673365,0.59709,31.10208
313,0.72734,0.401983,0.351098,0.00096898,0.00228924,0.00242899,0.005660229,0.59573,31.0308
314,0.728,0.4034115,0.352651,0.00094013,0.00222736,0.00236561,0.005647063,0.59436,30.95928
315,0.72866,0.404841,0.3542045,0.0009125,0.00216802,0.0023048,0.005633854,0.59299,30.88752
316,0.729325,0.406271,0.355758,0.00088604,0.00211111,0.002246445,0.005620625,0.59162,30.81576
317,0.729985,0.4077015,0.357312,0.00086069,0.002056525,0.002190435,0.005607365,0.59024,30.74376
318,0.730645,0.4091325,0.358866,0.000836405,0.002004155,0.00213667,0.005594083,0.588865,30.67176
319,0.73131,0.410563,0.36042,0.00081313,0.001953905,0.00208505,0.005580781,0.587485,30.59976
320,0.73197,0.4119935,0.361974,0.000790825,0.00190568,0.002035485,0.005567458,0.5861,30.52752
321,0.732635,0.413424,0.363527,0.000769445,0.001859395,0.00198789,0.005554125,0.584715,30.45528
322,0.733295,0.4148545,0.3650795,0.00074895,0.00181497,0.001942175,0.005540771,0.58333,30.38304
323,0.733955,0.416284,0.3666315,0.000729295,0.001772315,0.00189826,0.005527406,0.581945,30.31056
324,0.734615,0.417713,0.368183,0.00071045,0.00173136,0.001856075,0.005514031,0.580555,30.23808
325,0.735275,0.4191415,0.369733,0.00069237,0.001692035,0.00181555,0.005500646,0.579165,30.1656
326,0.735935,0.4205685,0.371282,0.00067503,0.00165427,0.00177661,0.00548726,0.577775,30.09312
327,0.736595,0.421995,0.37283,0.000658395,0.001617995,0.00173919,0.005473865,0.576385,30.02064
328,0.737255,0.4234205,0.3743765,0.000642435,0.001583155,0.001703235,0.005460469,0.574995,29.94816
329,0.737915,0.4248445,0.3759215,0.000627115,0.001549685,0.001668675,0.005447063,0.573605,29.87568
330,0.73857,0.4262675,0.3774655,0.000612415,0.00151753,0.001635465,0.005433667,0.572215,29.8032
331,0.73923,0.427689,0.379007,0.000598305,0.00148664,0.00160355,0.005420271,0.570825,29.73072
332,0.739885,0.4291085,0.3805475,0.00058476,0.001456965,0.00157287,0.005406875,0.569435,29.65824
333,0.74054,0.430527,0.382086,0.00057176,0.00142845,0.00154339,0.00539349,0.568045,29.58576
334,0.741195,0.431944,0.3836225,0.000559275,0.001401055,0.001515055,0.005380104,0.566655,29.51352
335,0.74185,0.4333585,0.385157,0.00054729,0.001374735,0.00148782,0.005366729,0.565265,29.44104
336,0.742505,0.434772,0.3866895,0.00053578,0.001349445,0.00146165,0.005353354,0.56388,29.3688
337,0.743155,0.436183,0.3882195,0.00052473,0.00132515,0.0014365,0.00534,0.56249,29.29656
338,0.743805,0.4375925,0.389748,0.00051412,0.00130181,0.001412335,0.005326646,0.561105,29.22432
339,0.744455,0.4389995,0.3912735,0.000503925,0.001279385,0.001389115,0.005313313,0.55972,29.15208
340,0.745105,0.4404045,0.392797,0.000494141,0.00125785,0.001366815,0.00529999,0.55834,29.08008
341,0.745755,0.4418075,0.394318,0.000484743,0.001237165,0.00134539,0.005286677,0.556955,29.00808
342,0.7464,0.443208,0.3958365,0.000475718,0.0012173,0.001324815,0.005273375,0.555575,28.93632
343,0.74705,0.4446065,0.397352,0.000467052,0.001198225,0.00130506,0.005260094,0.554195,28.86456
344,0.747695,0.4460025,0.3988655,0.000458731,0.001179915,0.0012861,0.005246823,0.552815,28.7928
345,0.74834,0.447396,0.400376,0.000450741,0.001162345,0.0012679,0.005233573,0.55144,28.72104
346,0.74898,0.4487875,0.401884,0.000443071,0.00114548,0.001250445,0.005220344,0.550065,28.64952
347,0.74962,0.450176,0.403389,0.000435709,0.001129305,0.0012337,0.005207125,0.548695,28.578
348,0.750265,0.451562,0.404891,0.000428642,0.001113795,0.00121765,0.005193927,0.547325,28.50672
349,0.7509,0.4529455,0.4063905,0.000421861,0.001098925,0.001202265,0.00518075,0.545955,28.43544
350,0.75154,0.454326,0.4078865,0.000415354,0.001084675,0.00118753,0.005167594,0.54459,28.3644
351,0.752175,0.455704,0.40938,0.000409113,0.001071025,0.001173425,0.005154448,0.543225,28.29336
352,0.752815,0.4570795,0.41087,0.000403128,0.001057955,0.001159925,0.005141333,0.541865,28.22256
353,0.753445,0.458452,0.4123575,0.000397391,0.001045455,0.00114702,0.00512824,0.540505,28.15176
354,0.75408,0.4598215,0.4138415,0.000391892,0.001033495,0.00113469,0.005115167,0.539145,28.0812
355,0.75471,0.4611885,0.4153225,0.000386623,0.00102207,0.001122915,0.005102115,0.53779,28.01064
356,0.75534,0.462552,0.4168,0.000381578,0.001011155,0.00111168,0.005089094,0.536435,27.94032
357,0.75597,0.463913,0.4182745,0.000376748,0.001000745,0.001100975,0.005076083,0.535085,27.87
358,0.7566,0.465271,0.4197455,0.000372128,0.00099082,0.001090785,0.005063104,0.53374,27.79992
359,0.757225,0.466626,0.421213,0.00036771,0.000981365,0.00108109,0.005050156,0.532395,27.72984
360,0.75785,0.4679775,0.4226775,0.000363488,0.00097237,0.001071885,0.005037229,0.53105,27.66
361,0.758475,0.469326,0.4241385,0.000359457,0.000963825,0.001063155,0.005024323,0.52971,27.5904
362,0.759095,0.470672,0.425596,0.00035561,0.000955715,0.00105489,0.005011438,0.528375,27.5208
363,0.759715,0.472014,0.42705,0.000351942,0.000948035,0.001047075,0.004998594,0.52704,27.45144
364,0.760335,0.4733535,0.4285005,0.000348449,0.00094077,0.001039705,0.00498576,0.525705,27.38208
365,0.760955,0.4746895,0.4299475,0.000345125,0.00093391,0.00103277,0.004972969,0.524375,27.31296
366,0.76157,0.476022,0.4313905,0.000341966,0.000927445,0.001026255,0.004960188,0.52305,27.24408
367,0.762185,0.4773515,0.4328305,0.000338968,0.000921375,0.00102016,0.004947448,0.521725,27.1752
368,0.762795,0.4786775,0.4342665,0.000336126,0.00091568,0.001014475,0.004934729,0.520405,27.10656
369,0.76341,0.48,0.435699,0.000333437,0.000910365,0.00100919,0.004922042,0.51909,27.03792
370,0.76402,0.4813195,0.4371275,0.000330897,0.000905415,0.0010043,0.004909385,0.517775,26.96976
371,0.764625,0.4826355,0.4385525,0.000328502,0.00090082,0.000999795,0.00489675,0.516465,26.90136
372,0.765235,0.483948,0.439974,0.00032625,0.000896585,0.000995675,0.004884146,0.515155,26.83344
373,0.76584,0.485257,0.4413915,0.000324137,0.000892695,0.00099193,0.004871573,0.51385,26.76552
374,0.766445,0.486563,0.442805,0.000322161,0.00088915,0.000988555,0.004859031,0.51255,26.69784
375,0.767045,0.487865,0.4442145,0.000320318,0.00088594,0.00098555,0.004846521,0.51125,26.6304
376,0.76765,0.4891635,0.4456205,0.000318607,0.000883065,0.000982905,0.004834031,0.509955,26.56296
377,0.768245,0.4904585,0.4470225,0.000317025,0.00088052,0.00098062,0.004821573,0.50866,26.49576
378,0.768845,0.49175,0.4484205,0.000315569,0.000878305,0.00097869,0.004809156,0.50737,26.4288
379,0.76944,0.4930375,0.4498145,0.000314238,0.000876405,0.00097711,0.00479676,0.506085,26.36208
380,0.770035,0.494322,0.4512045,0.00031303,0.00087483,0.00097588,0.004784396,0.504805,26.29536
381,0.77063,0.4956025,0.452591,0.000311942,0.00087357,0.000974995,0.004772063,0.503525,26.22888
382,0.77122,0.4968795,0.453973,0.000310975,0.000872625,0.000974455,0.004759771,0.50225,26.16264
383,0.77181,0.4981525,0.4553505,0.000310125,0.00087199,0.000974265,0.0047475,0.500975,26.0964
384,0.7724,0.499422,0.4567245,0.000309392,0.000871665,0.00097441,0.00473526,0.4997065,26.0304
385,0.772985,0.500685,0.458094,0.000308775,0.000871655,0.0009749,0.004723052,0.498441,25.96464
386,0.77357,0.50195,0.4594595,0.000308272,0.00087195,0.00097573,0.004710885,0.497179,25.89912
387,0.774155,0.503205,0.460821,0.000307882,0.000872555,0.0009769,0.00469874,0.49592,25.8336
388,0.774735,0.50446,0.462178,0.000307606,0.000873465,0.00097841,0.004686635,0.494665,25.76856
389,0.775315,0.50571,0.463531,0.000307441,0.000874685,0.000980265,0.004674552,0.4934135,25.70352
390,0.77589,0.50696,0.4648795,0.000307388,0.00087621,0.00098246,0.00466251,0.4921655,25.63872
391,0.77647,0.5082,0.4662235,0.000307446,0.000878045,0.000985,0.0046505,0.490921,25.57392
392,0.777045,0.50944,0.4675635,0.000307615,0.00088019,0.00098788,0.004638531,0.4896805,25.5096
393,0.777615,0.510675,0.468899,0.000307895,0.000882645,0.000991115,0.004626583,0.4884435,25.44528
394,0.778185,0.511905,0.47023,0.000308285,0.00088541,0.00099469,0.004614677,0.48721,25.3812
395,0.778755,0.51313,0.4715565,0.000308785,0.000888495,0.000998625,0.004602792,0.4859805,25.31736
396,0.779325,0.514355,0.472879,0.000309397,0.00089189,0.00100291,0.004590948,0.4847545,25.25376
397,0.77989,0.51557,0.4741965,0.000310119,0.000895605,0.001007555,0.004579146,0.4835325,25.19016
398,0.780455,0.516785,0.4755095,0.000310953,0.000899645,0.00101256,0.004567365,0.482314,25.12704
399,0.78102,0.517995,0.476818,0.000311898,0.000904005,0.00101793,0.004555625,0.4810995,25.06392
400,0.78158,0.5192,0.478122,0.000312956,0.000908695,0.00102367,0.004543927,0.479889,25.00104
401,0.78214,0.520405,0.4794215,0.000314128,0.000913715,0.001029785,0.00453225,0.478682,24.9384
402,0.782695,0.5216,0.480716,0.000315413,0.000919075,0.00103628,0.004520615,0.4774795,24.876
403,0.78325,0.522795,0.482006,0.000316813,0.000924775,0.00104316,0.004509021,0.4762805,24.8136
404,0.783805,0.523985,0.483291,0.000318329,0.000930815,0.00105043,0.004497448,0.4750855,24.75168
405,0.784355,0.52517,0.4845715,0.000319963,0.00093721,0.001058095,0.004485917,0.4738945,24.68976
406,0.784905,0.52635,0.485847,0.000321715,0.00094396,0.00106617,0.004474427,0.4727075,24.62808
407,0.785455,0.527525,0.4871175,0.000323587,0.00095107,0.00107465,0.004462969,0.4715245,24.56688
408,0.786,0.528695,0.488383,0.000325581,0.000958545,0.00108355,0.004451542,0.4703455,24.50568
409,0.786545,0.529865,0.4896435,0.000327698,0.0009664,0.001092875,0.004440156,0.469171,24.44472
410,0.787085,0.531025,0.4908995,0.00032994,0.00097463,0.00110264,0.004428813,0.4680005,24.384
411,0.78763,0.532185,0.49215,0.000332308,0.000983255,0.001112845,0.0044175,0.466834,24.32328
412,0.788165,0.533335,0.4933955,0.000334806,0.00099227,0.0011235,0.004406219,0.465672,24.26304
413,0.788705,0.534485,0.4946355,0.000337435,0.001001695,0.00113462,0.004394979,0.464514,24.20304
414,0.78924,0.53563,0.4958705,0.000340197,0.00101153,0.00114621,0.004383781,0.4633605,24.14328
415,0.78977,0.536765,0.4971005,0.000343096,0.001021785,0.00115828,0.004372615,0.462211,24.08352
416,0.790305,0.5379,0.498325,0.000346132,0.001032475,0.00117085,0.00436149,0.4610665,24.02424
417,0.79083,0.53903,0.499544,0.00034931,0.001043605,0.001183925,0.004350396,0.459926,23.965056
418,0.79136,0.540155,0.50076,0.000352633,0.001055185,0.001197515,0.004339344,0.4587895,23.906136
419,0.791885,0.541275,0.501965,0.000356102,0.00106723,0.001211635,0.004328333,0.457658,23.84748
420,0.792405,0.54239,0.50317,0.000359722,0.00107975,0.0012263,0.004317365,0.456531,23.78904
421,0.79293,0.5435,0.504365,0.000363495,0.00109275,0.001241525,0.004306427,0.4554085,23.730864
422,0.793445,0.544605,0.505555,0.000367426,0.00110625,0.00125732,0.004295531,0.4542905,23.672928
423,0.793965,0.5457,0.50674,0.000371517,0.001120265,0.0012737,0.004284677,0.4531775,23.615232
424,0.79448,0.546795,0.50792,0.000375773,0.0011348,0.00129069,0.004273865,0.452069,23.5578
425,0.79499,0.547885,0.509095,0.000380198,0.001149875,0.001308295,0.004263083,0.4509655,23.500608
426,0.7955,0.54897,0.510265,0.000384796,0.0011655,0.001326535,0.004252354,0.4498665,23.44368
427,0.79601,0.550045,0.511425,0.000389572,0.001181695,0.001345435,0.004241656,0.4487725,23.387016
428,0.796515,0.55112,0.51258,0.000394529,0.001198475,0.001365,0.004231,0.447683,23.330616
429,0.79702,0.552185,0.51373,0.000399673,0.001215855,0.001385265,0.004220385,0.446599,23.274456
430,0.797525,0.553245,0.514875,0.000405009,0.00123385,0.00140624,0.004209823,0.44552,23.218608
431,0.798025,0.5543,0.51601,0.000410542,0.00125248,0.001427945,0.004199292,0.4444455,23.163
432,0.79852,0.55535,0.51714,0.000416277,0.001271765,0.001450405,0.004188802,0.443377,23.10768
433,0.799015,0.556395,0.518265,0.00042222,0.001291725,0.001473645,0.004178365,0.442313,23.052624
434,0.79951,0.557435,0.51938,0.000428377,0.001312375,0.001497685,0.004167969,0.4412545,22.997856
435,0.8,0.558465,0.52049,0.000434754,0.00133374,0.00152255,0.004157604,0.4402015,22.9434
436,0.80049,0.55949,0.521595,0.000441358,0.001355845,0.001548265,0.004147302,0.439154,22.889208
437,0.800975,0.56051,0.52269,0.000448194,0.001378705,0.001574855,0.004137031,0.4381115,22.835328
438,0.80146,0.561525,0.52378,0.000455271,0.001402345,0.00160235,0.004126813,0.437075,22.781736
439,0.80194,0.56253,0.52486,0.000462594,0.00142679,0.001630775,0.004116635,0.436044,22.728432
440,0.80242,0.56353,0.525935,0.000470172,0.00145207,0.001660165,0.0041065,0.435019,22.675464
441,0.802895,0.56452,0.527,0.000478012,0.001478205,0.001690545,0.004096417,0.4339995,22.622784
442,0.80337,0.56551,0.52806,0.000486122,0.001505225,0.001721945,0.004086375,0.432986,22.57044
443,0.80384,0.56649,0.52911,0.000494511,0.001533155,0.001754405,0.004076385,0.431978,22.518408
444,0.804305,0.56746,0.530155,0.000503185,0.00156203,0.001787955,0.004066448,0.4309765,22.466712
445,0.804775,0.568425,0.53119,0.00051216,0.001591875,0.00182263,0.004056552,0.429981,22.415328
446,0.805235,0.569385,0.53222,0.000521435,0.00162272,0.001858465,0.004046708,0.428992,22.364304
447,0.805695,0.570335,0.53324,0.00053103,0.001654605,0.0018955,0.004036917,0.4280095,22.313616
448,0.806155,0.57128,0.53425,0.00054095,0.00168756,0.001933775,0.004027167,0.427033,22.263264
449,0.80661,0.572215,0.53525,0.000551205,0.00172162,0.00197333,0.004017479,0.4260635,22.213272
450,0.80706,0.573145,0.536245,0.000561805,0.00175682,0.00201421,0.004007833,0.4251005,22.163664
451,0.80751,0.574065,0.537225,0.000572765,0.0017932,0.00205645,0.00399825,0.424144,22.114416
452,0.80796,0.574975,0.5382,0.00058409,0.0018308,0.002100105,0.003988719,0.4231945,22.065528
453,0.8084,0.57588,0.539165,0.0005958,0.001869655,0.002145215,0.00397924,0.4222525,22.017024
454,0.80884,0.576775,0.54012,0.000607905,0.00190981,0.00219183,0.003969813,0.4213175,21.968928
455,0.80928,0.57766,0.54107,0.000620415,0.00195131,0.002240005,0.003960438,0.4203895,21.921216
456,0.809715,0.578535,0.542005,0.000633345,0.001994195,0.00228979,0.003951125,0.4194695,21.873888
457,0.810145,0.579405,0.54293,0.000646715,0.00203852,0.002341235,0.003941865,0.4185565,21.826992
458,0.81057,0.580265,0.543845,0.000660525,0.002084325,0.0023944,0.003932667,0.4176515,21.780528
459,0.810995,0.581115,0.54475,0.000674805,0.002131665,0.00244934,0.003923531,0.4167545,21.734472
460,0.811415,0.581955,0.54564,0.000689565,0.002180585,0.00250612,0.003914448,0.4158655,21.688872
461,0.811835,0.582785,0.546525,0.000704815,0.002231145,0.002564795,0.003905438,0.414985,21.643728
462,0.81225,0.583605,0.547395,0.00072058,0.0022834,0.00262543,0.003896479,0.4141125,21.599016
463,0.81266,0.584415,0.548255,0.000736875,0.0023374,0.00268809,0.003887583,0.413249,21.554784
464,0.813065,0.585215,0.5491,0.000753715,0.00239321,0.00275285,0.00387876,0.4123935,21.511032
465,0.81347,0.586,0.549935,0.00077112,0.00245089,0.00281977,0.00387,0.4115475,21.46776
466,0.81387,0.58678,0.550755,0.00078911,0.0025105,0.00288893,0.003861302,0.4107105,21.424992
467,0.814265,0.587545,0.551565,0.000807705,0.00257211,0.002960405,0.003852677,0.409883,21.382728
468,0.814655,0.5883,0.55236,0.00082692,0.00263578,0.00303427,0.003844125,0.409065,21.340992
469,0.815045,0.58904,0.553145,0.000846785,0.00270158,0.0031106,0.003835635,0.408257,21.299784
470,0.815425,0.58977,0.55391,0.00086731,0.00276959,0.003189485,0.003827219,0.4074585,21.259128
471,0.815805,0.59049,0.554665,0.00088853,0.00283987,0.003271005,0.003818885,0.4066705,21.219024
472,0.81618,0.591195,0.555405,0.00091046,0.00291251,0.00335525,0.003810615,0.405893,21.179496
473,0.81655,0.591885,0.55613,0.000933125,0.002987575,0.003442305,0.003802427,0.4051265,21.140568
474,0.816915,0.592565,0.55684,0.00095655,0.00306515,0.003532265,0.003794323,0.4043705,21.10224
475,0.817275,0.59323,0.55753,0.00098076,0.00314532,0.00362523,0.003786292,0.403626,21.064512
476,0.817635,0.59388,0.558205,0.00100578,0.003228165,0.003721285,0.003778344,0.402893,21.027432
477,0.817985,0.594515,0.558865,0.00103164,0.003313775,0.00382054,0.003770479,0.402172,20.990976
478,0.81833,0.595135,0.55951,0.00105837,0.00340224,0.003923095,0.003762698,0.401463,20.955216
479,0.818675,0.59574,0.560135,0.00108599,0.00349365,0.00402906,0.00375501,0.4007665,20.920128
480,0.81901,0.59633,0.56074,0.001114535,0.0035881,0.00413853,0.003747406,0.4000825,20.885712
481,0.81934,0.596905,0.56133,0.00114403,0.003685685,0.00425163,0.003739896,0.3994115,20.85204
482,0.819665,0.59746,0.5619,0.001174515,0.003786505,0.004368465,0.003732479,0.398754,20.819088
483,0.819985,0.598,0.56245,0.001206015,0.00389066,0.00448915,0.003725156,0.3981105,20.786904
484,0.8203,0.59852,0.56298,0.00123856,0.00399826,0.004613805,0.003717927,0.397481,20.755488
485,0.82061,0.599025,0.56349,0.00127219,0.0041094,0.004742555,0.003710802,0.396866,20.724864
486,0.82091,0.59951,0.563975,0.001306935,0.004224195,0.004875515,0.003703781,0.3962655,20.695056
487,0.82121,0.599975,0.564445,0.00134283,0.00434275,0.0050128,0.003696865,0.3956805,20.666112
488,0.821495,0.600425,0.564885,0.00137991,0.004465185,0.0051546,0.003690052,0.395111,20.637984
489,0.82178,0.60085,0.56531,0.001418215,0.004591605,0.00530095,0.003683354,0.3945575,20.610768
490,0.822055,0.601255,0.565705,0.001457775,0.00472213,0.00545205,0.003676771,0.394021,20.58444
491,0.822325,0.60164,0.56608,0.001498635,0.004856875,0.00560795,0.003670302,0.393501,20.559048
492,0.82259,0.602005,0.566425,0.001540835,0.00499596,0.0057689,0.003663948,0.3929985,20.534616
493,0.822845,0.602345,0.56675,0.001584405,0.0051395,0.00593495,0.003657708,0.3925135,20.511168
494,0.823095,0.602665,0.567045,0.001629395,0.00528765,0.0061063,0.003651604,0.392047,20.488728
495,0.823335,0.60296,0.567315,0.001675835,0.00544045,0.006283,0.003645625,0.3915995,20.46732
496,0.823565,0.60323,0.567555,0.001723775,0.0055981,0.0064653,0.003639781,0.3911715,20.446968
497,0.82379,0.603475,0.56777,0.001773255,0.0057607,0.0066532,0.003634063,0.390763,20.42772
498,0.82401,0.603695,0.567955,0.00182431,0.0059284,0.00684695,0.00362849,0.390375,20.409576
499,0.824215,0.60389,0.56811,0.001876985,0.00610125,0.00704665,0.003623052,0.3900075,20.392608
500,0.824415,0.60406,0.56823,0.001931325,0.0062794,0.00725245,0.00361776,0.389662,20.376792
501,0.824605,0.6042,0.568325,0.00198737,0.00646305,0.0074644,0.003612625,0.389338,20.3622
502,0.82479,0.60431,0.568385,0.002045165,0.0066522,0.00768275,0.003607635,0.389037,20.348856
503,0.82496,0.604395,0.56841,0.00210475,0.00684705,0.00790755,0.003602802,0.388759,20.336784
504,0.825125,0.604445,0.5684,0.002166165,0.0070477,0.008139,0.003598125,0.388505,20.326008
505,0.825275,0.60447,0.56836,0.00222946,0.00725425,0.0083771,0.003593615,0.3882755,20.316576
506,0.82542,0.60446,0.568285,0.002294665,0.0074668,0.00862205,0.003589281,0.388071,20.308536
507,0.825555,0.604425,0.56817,0.002361825,0.00768545,0.008874,0.003585115,0.387892,20.301912
508,0.825675,0.60435,0.56802,0.002430985,0.00791035,0.00913295,0.003581115,0.387739,20.296728
509,0.825785,0.604245,0.56783,0.002502175,0.00814155,0.00939905,0.003577313,0.3876135,20.293008
510,0.82589,0.604105,0.5676,0.00257544,0.0083791,0.00967245,0.003573688,0.3875155,20.290824
511,0.825975,0.60393,0.567335,0.002650815,0.0086232,0.0099531,0.00357025,0.387446,20.2902
512,0.826055,0.60372,0.567025,0.002728335,0.0088738,0.0102412,0.00356701,0.3874055,20.29116
513,0.82612,0.603475,0.566675,0.002808025,0.00913105,0.0105367,0.003563969,0.3873945,20.293752
514,0.826175,0.60319,0.566285,0.002889925,0.009395,0.01083975,0.003561135,0.387414,20.298
515,0.826215,0.60287,0.56585,0.00297406,0.00966565,0.0111503,0.00355851,0.3874645,20.303976
516,0.826245,0.60251,0.56537,0.003060455,0.00994305,0.01146845,0.003556104,0.387547,20.31168
517,0.826265,0.60211,0.56485,0.00314914,0.01022725,0.01179415,0.003553906,0.3876615,20.32116
518,0.826265,0.60167,0.56428,0.00324012,0.0105182,0.0121274,0.003551938,0.38781,20.332464
519,0.826255,0.60119,0.563665,0.00333343,0.01081595,0.0124682,0.003550198,0.3879915,20.345616
520,0.826235,0.60067,0.563005,0.003429065,0.01112045,0.01281645,0.003548698,0.3882085,20.360664
521,0.826195,0.60011,0.562295,0.003527045,0.0114317,0.0131722,0.003547427,0.38846,20.377632
522,0.826145,0.5995,0.561535,0.00362737,0.0117496,0.01353525,0.003546406,0.388748,20.396592
523,0.82608,0.598855,0.56073,0.00373004,0.0120741,0.0139055,0.003545635,0.3890725,20.41752
524,0.826,0.59816,0.559875,0.00383505,0.0124051,0.0142829,0.003545115,0.389434,20.440488
525,0.825905,0.597425,0.55897,0.003942385,0.0127425,0.0146672,0.003544865,0.389834,20.46552
526,0.825795,0.59664,0.55801,0.00405203,0.01308615,0.01505825,0.003544865,0.390272,20.492664
527,0.82567,0.595815,0.557005,0.004163965,0.0134359,0.0154559,0.003545135,0.3907495,20.521944
528,0.82553,0.59494,0.555945,0.004278155,0.01379155,0.01585985,0.003545688,0.391267,20.553384
529,0.825375,0.59402,0.554835,0.004394565,0.0141529,0.01626985,0.00354651,0.3918245,20.586984
530,0.8252,0.593055,0.55367,0.004513155,0.01451975,0.0166856,0.003547625,0.392423,20.62284
531,0.825015,0.592045,0.552455,0.004633865,0.0148918,0.0171068,0.003549021,0.393063,20.660928
532,0.82481,0.590985,0.55119,0.004756645,0.0152688,0.0175331,0.003550708,0.393745,20.701272
533,0.82459,0.58988,0.54987,0.00488142,0.0156504,0.01796405,0.003552688,0.3944695,20.743896
534,0.824355,0.588725,0.5485,0.0050081,0.0160363,0.0183993,0.003554979,0.3952365,20.788848
535,0.8241,0.58753,0.547075,0.00513665,0.01642615,0.01883835,0.003557563,0.3960465,20.836128
536,0.82383,0.58628,0.5456,0.00526695,0.01681945,0.01928075,0.003560458,0.3969,20.885712
537,0.823545,0.584985,0.544075,0.00539885,0.0172159,0.019726,0.003563667,0.397797,20.937672
538,0.823245,0.583645,0.542495,0.00553235,0.01761495,0.0201735,0.003567188,0.398738,20.991984
539,0.822925,0.58226,0.540865,0.0056672,0.0180162,0.0206227,0.003571021,0.399723,21.048624
540,0.82259,0.58083,0.539185,0.00580335,0.0184191,0.021073,0.003575167,0.4007525,21.107664
541,0.822235,0.57935,0.537455,0.00594065,0.01882315,0.0215238,0.003579646,0.401826,21.169032
542,0.82187,0.57783,0.535675,0.00607895,0.01922775,0.02197435,0.003584438,0.4029435,21.232776
543,0.821485,0.57626,0.53385,0.00621805,0.0196323,0.02242405,0.003589563,0.4041055,21.298872
544,0.82108,0.574655,0.531975,0.00635785,0.02003625,0.02287215,0.00359501,0.405311,21.367272
545,0.820665,0.573,0.530055,0.00649815,0.02043895,0.02331785,0.003600781,0.4065605,21.438
546,0.82023,0.571305,0.528095,0.00663875,0.02083975,0.02376055,0.003606875,0.4078535,21.511008
547,0.819785,0.569575,0.526085,0.00677945,0.02123795,0.0241993,0.003613292,0.4091895,21.586296
548,0.81932,0.5678,0.524035,0.0069201,0.02163295,0.02463345,0.003620031,0.410568,21.663816
549,0.81884,0.56599,0.52195,0.00706045,0.02202395,0.0250621,0.003627104,0.411988,21.74352
550,0.818345,0.56414,0.51982,0.0072003,0.02241035,0.02548455,0.00363449,0.41345,21.825408
551,0.817835,0.562255,0.517655,0.00733945,0.02279135,0.02589985,0.003642198,0.4149525,21.909408
552,0.81731,0.56034,0.515455,0.00747765,0.02316625,0.0263073,0.003650219,0.416495,21.995472
553,0.816775,0.55839,0.51322,0.00761465,0.02353435,0.026706,0.003658552,0.418077,22.083576
554,0.816225,0.55641,0.510955,0.0077503,0.0238949,0.0270952,0.003667188,0.4196965,22.173624
555,0.81566,0.5544,0.50866,0.00788425,0.0242472,0.0274741,0.003676135,0.4213535,22.265592
556,0.815085,0.552365,0.50634,0.00801635,0.0245905,0.02784185,0.003685385,0.4230465,22.359384
557,0.8145,0.5503,0.50399,0.0081463,0.02492415,0.0281977,0.003694917,0.424774,22.454928
558,0.8139,0.548215,0.50162,0.0082739,0.02524745,0.02854095,0.00370474,0.426535,22.5522
559,0.81329,0.54611,0.499232,0.0083989,0.02555975,0.0288708,0.003714844,0.4283285,22.651056
560,0.81267,0.543985,0.4968245,0.0085211,0.02586035,0.02918655,0.003725219,0.430153,22.751472
561,0.81204,0.541845,0.4944015,0.00864015,0.02614865,0.02948765,0.003735865,0.4320065,22.853328
562,0.8114,0.53969,0.4919655,0.00875595,0.026424,0.0297733,0.00374676,0.433888,22.956552
563,0.810755,0.53752,0.4895185,0.0088682,0.0266859,0.030043,0.003757896,0.4357955,23.061048
564,0.8101,0.53534,0.487064,0.00897675,0.0269338,0.0302962,0.003769281,0.4377275,23.166696
565,0.809435,0.53315,0.484604,0.0090813,0.0271672,0.0305324,0.003780885,0.439682,23.273448
566,0.80877,0.530955,0.482141,0.00918165,0.0273856,0.03075105,0.003792719,0.441658,23.381184
567,0.808095,0.52876,0.4796775,0.00927765,0.02758865,0.03095185,0.00380475,0.443653,23.489784
568,0.807415,0.52656,0.4772165,0.00936915,0.02777585,0.03113435,0.003816969,0.445665,23.599176
569,0.806735,0.52436,0.4747595,0.0094559,0.027947,0.03129825,0.003829385,0.4476925,23.709216
570,0.80605,0.522165,0.47231,0.00953775,0.0281017,0.03144335,0.003841958,0.4497335,23.819832
571,0.80536,0.519975,0.46987,0.00961455,0.02823975,0.0315694,0.003854698,0.451786,23.930904
572,0.80467,0.51779,0.467442,0.0096862,0.028361,0.03167625,0.003867583,0.453848,24.04224
573,0.80398,0.515615,0.4650285,0.00975255,0.0284652,0.0317638,0.003880594,0.4559175,24.15408
574,0.803285,0.513455,0.462631,0.00981345,0.0285523,0.03183205,0.003893729,0.4579925,24.26568
575,0.802595,0.511305,0.460253,0.0098689,0.0286223,0.03188105,0.003906969,0.460071,24.37752
576,0.801905,0.509175,0.4578955,0.0099187,0.0286751,0.0319108,0.003920302,0.462151,24.48936
577,0.80122,0.50706,0.4555615,0.0099629,0.0287108,0.03192145,0.003933708,0.4642305,24.60072
578,0.800535,0.504965,0.453252,0.01000135,0.0287295,0.03191315,0.003947188,0.466307,24.71208
579,0.79985,0.50289,0.45097,0.01003405,0.0287313,0.0318862,0.003960708,0.4683795,24.82296
580,0.799175,0.50084,0.448717,0.010061,0.0287164,0.03184085,0.00397426,0.4704455,24.93312
581,0.7985,0.498812,0.446495,0.0100822,0.028685,0.03177735,0.003987844,0.472503,25.04304
582,0.797835,0.4968125,0.444305,0.0100976,0.0286374,0.03169615,0.004001427,0.4745505,25.152
583,0.79717,0.4948405,0.442149,0.0101073,0.0285739,0.03159765,0.00401501,0.4765855,25.26024
584,0.796515,0.492898,0.440029,0.0101113,0.0284948,0.0314822,0.004028573,0.478607,25.36752
585,0.79587,0.490987,0.4379455,0.01010965,0.0284005,0.0313504,0.004042094,0.4806125,25.47384
586,0.79523,0.4891075,0.4359005,0.0101024,0.0282914,0.0312027,0.004055573,0.482601,25.57896
587,0.7946,0.4872615,0.4338945,0.0100897,0.0281679,0.0310396,0.00406899,0.4845705,25.68312
588,0.793975,0.48545,0.4319295,0.01007155,0.0280305,0.03086175,0.004082323,0.4865195,25.78608
589,0.793365,0.4836745,0.430006,0.01004815,0.0278797,0.03066965,0.004095583,0.488446,25.8876
590,0.79276,0.481935,0.428125,0.01001955,0.02771595,0.030464,0.00410874,0.490349,25.98768
591,0.79217,0.480233,0.426288,0.00998585,0.0275398,0.03024535,0.004121781,0.492227,26.08632
592,0.791585,0.4785695,0.4244945,0.00994725,0.02735175,0.03001435,0.004134698,0.494079,26.18352
593,0.791015,0.4769445,0.422746,0.0099039,0.02715245,0.02977165,0.00414749,0.495903,26.27904
594,0.79046,0.4753595,0.421043,0.0098559,0.02694235,0.02951795,0.004160125,0.497698,26.37312
595,0.78991,0.4738145,0.419386,0.00980345,0.0267221,0.0292538,0.004172604,0.499463,26.46528
596,0.789375,0.4723105,0.417775,0.00974665,0.0264922,0.02897995,0.004184927,0.501195,26.55576
597,0.788855,0.470847,0.416211,0.00968575,0.0262533,0.02869705,0.004197063,0.5029,26.64432
598,0.788345,0.4694255,0.414694,0.00962085,0.026006,0.02840575,0.004209021,0.50457,26.7312
599,0.78785,0.4680455,0.413224,0.0095522,0.02575075,0.02810665,0.004220771,0.506205,26.81616
600,0.78737,0.4667075,0.411801,0.00947995,0.02548825,0.02780045,0.004232333,0.507805,26.8992
601,0.7869,0.4654115,0.4104255,0.0094043,0.025219,0.0274878,0.004243677,0.50937,26.98008
602,0.786445,0.4641575,0.409097,0.00932545,0.0249436,0.02716925,0.004254802,0.5109,27.05928
603,0.786005,0.462946,0.407816,0.0092435,0.0246626,0.02684545,0.004265698,0.51239,27.13632
604,0.785575,0.4617765,0.406582,0.00915875,0.0243765,0.02651705,0.004276365,0.513845,27.2112
605,0.78516,0.4606495,0.405395,0.0090713,0.0240859,0.02618455,0.004286802,0.515265,27.28416
606,0.784765,0.459564,0.404254,0.0089814,0.0237913,0.0258485,0.004296979,0.516645,27.35496
607,0.78438,0.4585205,0.40316,0.00888925,0.02349315,0.02550955,0.004306917,0.517985,27.42384
608,0.78401,0.457519,0.4021115,0.00879495,0.023192,0.02516815,0.004316604,0.51929,27.49056
609,0.78365,0.4565585,0.401109,0.0086987,0.0228883,0.0248248,0.004326031,0.520555,27.55512
610,0.78331,0.455639,0.4001515,0.00860075,0.02258255,0.02448,0.004335188,0.52178,27.61776
611,0.78298,0.4547605,0.399239,0.0085012,0.02227515,0.02413425,0.004344094,0.522965,27.678
612,0.78267,0.453922,0.398371,0.00840025,0.02196655,0.023788,0.004352719,0.52411,27.73632
613,0.78237,0.4531235,0.397546,0.00829805,0.0216571,0.02344165,0.004361083,0.52522,27.79248
614,0.782085,0.4523645,0.396765,0.0081948,0.0213473,0.0230956,0.004369167,0.52629,27.84672
615,0.781815,0.451645,0.3960265,0.00809065,0.02103745,0.02275025,0.00437699,0.52732,27.8988
616,0.781555,0.4509635,0.3953295,0.0079857,0.0207279,0.022406,0.004384521,0.52831,27.94872
617,0.781315,0.4503205,0.3946745,0.0078801,0.020419,0.0220631,0.004391792,0.52926,27.99648
618,0.781085,0.449715,0.3940605,0.0077741,0.0201111,0.02172195,0.004398771,0.530175,28.04256
619,0.78087,0.4491465,0.3934865,0.0076677,0.01980445,0.02138285,0.004405479,0.53105,28.08624
620,0.780665,0.4486145,0.392952,0.0075611,0.0194994,0.0210461,0.004411917,0.531885,28.128
621,0.78048,0.4481185,0.3924565,0.00745445,0.01919615,0.0207119,0.004418073,0.532685,28.16784
622,0.7803,0.4476575,0.391999,0.0073478,0.018895,0.0203805,0.004423948,0.533445,28.20576
623,0.78014,0.4472315,0.3915795,0.0072413,0.0185961,0.0200522,0.004429563,0.53417,28.24176
624,0.77999,0.4468395,0.3911965,0.00713505,0.0182998,0.0197272,0.004434885,0.53486,28.2756
625,0.779855,0.446481,0.3908495,0.0070292,0.01800615,0.0194056,0.004439948,0.535515,28.30776
626,0.77973,0.4461555,0.390538,0.00692375,0.01771545,0.0190877,0.00444474,0.53613,28.338
627,0.779615,0.4458625,0.3902615,0.0068189,0.01742785,0.01877355,0.00444926,0.53671,28.36632
628,0.779515,0.445601,0.390019,0.00671465,0.01714345,0.0184634,0.00445351,0.537255,28.39296
629,0.77943,0.4453705,0.38981,0.0066111,0.01686245,0.0181573,0.00445751,0.537765,28.41768
630,0.77935,0.4451705,0.3896335,0.0065084,0.01658495,0.0178554,0.00446124,0.538245,28.44048
631,0.77929,0.4450005,0.3894885,0.0064065,0.0163111,0.01755785,0.004464708,0.53869,28.46184
632,0.779235,0.4448595,0.389375,0.00630555,0.01604095,0.01726465,0.004467917,0.5391,28.48128
633,0.77919,0.444747,0.3892925,0.0062056,0.01577465,0.01697595,0.004470885,0.53948,28.49904
634,0.77916,0.4446625,0.3892395,0.0061067,0.01551225,0.01669175,0.004473594,0.539825,28.51536
635,0.77914,0.4446055,0.3892155,0.00600885,0.0152538,0.0164122,0.004476063,0.54014,28.52976
636,0.77913,0.444575,0.38922,0.0059122,0.0149994,0.01613725,0.004478292,0.540425,28.54296
637,0.77913,0.4445705,0.3892525,0.0058167,0.0147491,0.015867,0.004480271,0.54068,28.55424
638,0.77914,0.4445915,0.389312,0.00572245,0.01450295,0.0156015,0.004482021,0.540905,28.56408
639,0.77916,0.4446375,0.3893985,0.0056294,0.01426095,0.0153407,0.004483542,0.5411,28.57248
640,0.77919,0.444708,0.3895105,0.0055377,0.0140231,0.01508465,0.004484823,0.54127,28.57944
641,0.77923,0.444802,0.3896475,0.0054473,0.0137895,0.0148333,0.004485885,0.54141,28.58496
642,0.77928,0.444919,0.389809,0.00535825,0.01356015,0.01458675,0.004486729,0.54152,28.58904
643,0.779335,0.445059,0.389995,0.00527055,0.01333495,0.01434495,0.004487354,0.541605,28.59168
644,0.779405,0.4452205,0.390204,0.00518425,0.01311405,0.01410785,0.004487771,0.541665,28.59312
645,0.77948,0.4454035,0.3904355,0.0050993,0.01289735,0.01387545,0.004487979,0.5417,28.59312
646,0.77956,0.445608,0.3906895,0.0050158,0.01268485,0.01364775,0.004487979,0.541705,28.59192
647,0.779655,0.445832,0.390965,0.004933725,0.01247655,0.01342465,0.004487771,0.54169,28.58928
648,0.779755,0.4460765,0.3912615,0.00485306,0.0122724,0.0132062,0.004487375,0.54165,28.58544
649,0.77986,0.44634,0.3915785,0.004773825,0.0120724,0.0129923,0.004486781,0.54159,28.58064
650,0.779975,0.446622,0.391915,0.004696025,0.0118765,0.01278295,0.004486,0.5415,28.5744
651,0.7801,0.446923,0.392271,0.00461966,0.0116847,0.0125781,0.004485031,0.541395,28.5672
652,0.78023,0.447241,0.3926455,0.004544725,0.01149695,0.01237765,0.004483885,0.54126,28.5588
653,0.780365,0.4475765,0.3930385,0.00447122,0.0113132,0.01218165,0.004482563,0.54111,28.54944
654,0.78051,0.447929,0.3934495,0.004399145,0.01113345,0.01198995,0.004481073,0.540935,28.53888
655,0.78066,0.448298,0.393877,0.004328485,0.0109576,0.0118025,0.004479406,0.540745,28.52736
656,0.780815,0.4486825,0.394322,0.004259235,0.0107856,0.0116193,0.004477573,0.54053,28.51488
657,0.78098,0.4490825,0.3947825,0.00419139,0.01061745,0.0114403,0.004475573,0.5403,28.5012
658,0.78115,0.4494975,0.395259,0.004124935,0.0104531,0.0112654,0.004473427,0.54005,28.4868
659,0.781325,0.449927,0.395751,0.00405986,0.01029245,0.0110945,0.004471125,0.53978,28.47144
660,0.78151,0.4503705,0.3962575,0.00399616,0.01013545,0.01092765,0.004468667,0.539495,28.45512
661,0.781695,0.450828,0.3967785,0.00393381,0.0099821,0.01076465,0.004466073,0.53919,28.43784
662,0.78189,0.4512985,0.3973135,0.003872805,0.00983235,0.01060555,0.004463323,0.53887,28.41984
663,0.782085,0.4517815,0.397862,0.003813125,0.00968605,0.01045025,0.004460438,0.53853,28.40112
664,0.78229,0.4522775,0.3984235,0.00375476,0.00954325,0.0102987,0.004457427,0.53818,28.38144
665,0.782495,0.4527855,0.3989975,0.00369769,0.00940385,0.0101508,0.004454271,0.53781,28.3608
666,0.78271,0.453305,0.399584,0.0036419,0.0092678,0.0100065,0.004451,0.537425,28.33968
667,0.78293,0.453836,0.4001825,0.003587375,0.009135,0.0098658,0.004447594,0.53703,28.3176
668,0.78315,0.454378,0.400792,0.003534095,0.00900545,0.0097285,0.004444073,0.536615,28.29504
669,0.783375,0.4549305,0.401413,0.00348204,0.0088791,0.00959465,0.004440427,0.53619,28.27176
670,0.78361,0.455493,0.4020445,0.003431195,0.0087559,0.0094642,0.004436667,0.53575,28.24752
671,0.783845,0.456066,0.402686,0.003381545,0.0086357,0.009337,0.004432802,0.5353,28.2228
672,0.784085,0.456648,0.403338,0.00333307,0.00851855,0.009213,0.004428823,0.534835,28.1976
673,0.784325,0.4572395,0.4039995,0.003285745,0.00840435,0.0090922,0.00442474,0.534355,28.17168
674,0.784575,0.45784,0.4046705,0.00323956,0.00829305,0.00897455,0.004420552,0.533865,28.14504
675,0.784825,0.458449,0.40535,0.003194495,0.0081846,0.0088599,0.004416271,0.533365,28.11792
676,0.78508,0.4590665,0.4060385,0.003150525,0.00807895,0.00874825,0.004411885,0.532855,28.09032
677,0.785335,0.459692,0.4067355,0.00310764,0.007976,0.00863955,0.004407417,0.53233,28.062
678,0.785595,0.460325,0.40744,0.003065815,0.0078758,0.00853375,0.004402854,0.5318,28.0332
679,0.78586,0.4609655,0.4081525,0.003025035,0.0077782,0.00843075,0.004398198,0.531255,28.00392
680,0.78613,0.461613,0.4088725,0.00298528,0.0076832,0.0083305,0.004393458,0.530705,27.97416
681,0.7864,0.4622675,0.4095995,0.002946535,0.0075907,0.00823295,0.004388635,0.53014,27.94416
682,0.78667,0.4629285,0.410333,0.002908775,0.00750075,0.0081381,0.00438374,0.52957,27.91344
683,0.786945,0.463596,0.4110735,0.00287199,0.0074132,0.00804585,0.00437876,0.52899,27.88224
684,0.787225,0.46427,0.41182,0.002836155,0.00732805,0.00795615,0.004373708,0.5284,27.8508
685,0.787505,0.464949,0.412573,0.00280126,0.00724525,0.00786895,0.004368583,0.527805,27.81888
686,0.78779,0.465634,0.413331,0.002767285,0.00716475,0.0077842,0.004363396,0.5272,27.78648
687,0.788075,0.4663245,0.414095,0.00273421,0.0070865,0.0077019,0.004358135,0.52659,27.75384
688,0.788365,0.46702,0.414864,0.002702015,0.00701045,0.0076219,0.004352813,0.52597,27.72072
689,0.788655,0.46772,0.415638,0.002670695,0.0069366,0.00754425,0.004347427,0.525345,27.68736
690,0.788945,0.468425,0.416417,0.002640225,0.00686485,0.0074689,0.004341979,0.52471,27.65352
691,0.78924,0.4691345,0.4172005,0.00261059,0.0067952,0.00739575,0.004336469,0.52407,27.61944
692,0.789535,0.469848,0.417988,0.00258178,0.0067276,0.00732475,0.004330906,0.523425,27.58488
693,0.78983,0.4705655,0.4187795,0.00255377,0.006662,0.00725595,0.004325292,0.52277,27.55032
694,0.79013,0.471287,0.419575,0.002526555,0.00659835,0.00718925,0.004319625,0.522115,27.51528
695,0.79043,0.472012,0.420374,0.00250011,0.00653665,0.0071246,0.004313906,0.52145,27.48
696,0.790735,0.47274,0.4211765,0.002474425,0.00647685,0.00706195,0.004308146,0.520785,27.44448
697,0.79104,0.4734715,0.421982,0.00244949,0.0064189,0.0070013,0.004302333,0.52011,27.40872
698,0.791345,0.474206,0.4227905,0.002425285,0.00636275,0.0069426,0.004296479,0.51943,27.37272
699,0.79165,0.474943,0.423602,0.0024018,0.00630845,0.00688585,0.004290583,0.51875,27.33648
700,0.79196,0.475683,0.4244155,0.00237902,0.00625585,0.00683095,0.004284646,0.51806,27.30024
701,0.792265,0.476425,0.425232,0.002356935,0.006205,0.0067779,0.004278677,0.51737,27.26352
702,0.792575,0.4771695,0.4260505,0.002335525,0.00615585,0.0067267,0.004272667,0.516675,27.2268
703,0.79289,0.477916,0.4268705,0.002314785,0.0061084,0.00667725,0.004266615,0.515975,27.1896
704,0.7932,0.4786645,0.427693,0.0022947,0.00606255,0.00662955,0.004260542,0.515275,27.15264
705,0.79351,0.4794145,0.4285165,0.002275255,0.0060183,0.00658355,0.004254427,0.514565,27.1152
706,0.793825,0.4801665,0.429342,0.002256445,0.00597565,0.0065393,0.004248292,0.51386,27.07776
707,0.79414,0.4809195,0.4301685,0.002238255,0.00593455,0.0064967,0.004242125,0.513145,27.04008
708,0.794455,0.4816735,0.430996,0.002220675,0.005895,0.00645575,0.004235927,0.51243,27.0024
709,0.79477,0.482429,0.4318245,0.0022037,0.00585695,0.0064164,0.004229708,0.511715,26.96448
710,0.795085,0.4831855,0.4326535,0.002187305,0.00582035,0.0063786,0.004223469,0.510995,26.92656
711,0.795405,0.4839425,0.4334835,0.002171495,0.00578525,0.0063424,0.004217208,0.51027,26.8884
712,0.79572,0.4847,0.4343135,0.002156255,0.00575155,0.00630775,0.004210917,0.50955,26.85024
713,0.796035,0.485458,0.435144,0.002141575,0.00571925,0.00627465,0.004204615,0.508825,26.81184
714,0.796355,0.4862165,0.4359745,0.002127445,0.0056884,0.006243,0.004198292,0.508095,26.77344
715,0.79667,0.486975,0.436805,0.00211386,0.00565885,0.00621285,0.004191958,0.507365,26.73504
716,0.79699,0.4877335,0.4376355,0.002100805,0.0056307,0.00618415,0.004185604,0.506635,26.69664
717,0.79731,0.4884915,0.4384655,0.00208828,0.0056039,0.00615685,0.00417924,0.505905,26.65824
718,0.797625,0.48925,0.439295,0.00207627,0.0055784,0.00613105,0.004172854,0.50517,26.6196
719,0.797945,0.4900075,0.4401235,0.00206477,0.00555415,0.0061066,0.004166469,0.50444,26.58096
720,0.798265,0.4907645,0.4409515,0.002053775,0.00553125,0.0060835,0.004160063,0.503705,26.54232
721,0.79858,0.491521,0.4417785,0.002043275,0.0055096,0.0060618,0.004153656,0.50297,26.50368
722,0.7989,0.492277,0.442604,0.00203326,0.0054892,0.0060415,0.00414724,0.502235,26.46504
723,0.799215,0.4930315,0.443429,0.002023735,0.00547,0.00602245,0.004140823,0.5015,26.4264
724,0.799535,0.4937855,0.444252,0.00201468,0.00545205,0.0060048,0.004134396,0.500765,26.38776
725,0.79985,0.4945375,0.4450735,0.002006095,0.0054353,0.0059884,0.004127958,0.500025,26.34912
726,0.80017,0.495289,0.4458935,0.001997975,0.00541975,0.00597335,0.004121531,0.4992915,26.31048
727,0.800485,0.4960385,0.446712,0.001990315,0.0054054,0.00595955,0.004115094,0.498556,26.27184
728,0.8008,0.4967865,0.447528,0.001983105,0.0053922,0.005947,0.004108656,0.497821,26.2332
729,0.801115,0.497533,0.4483425,0.001976345,0.0053802,0.00593575,0.004102219,0.4970865,26.19456
730,0.80143,0.4982775,0.4491545,0.001970025,0.00536935,0.00592575,0.004095792,0.496353,26.15616
